<?xml version="1.0" encoding="UTF-8"?>
<extension type="plugin" group="system" method="upgrade">
	<name>plg_system_jlegacy</name>
	<author>ThemeXpert! Project</author>
	<creationDate>2023-10</creationDate>
	<copyright>(C) 2023-2024 ThemeXpert Ltd.</copyright>
	<license>GNU General Public License version 2 or later; see LICENSE.txt</license>
	<authorEmail>support@themexpert.com</authorEmail>
	<authorUrl>www.themexpert.com</authorUrl>
	<version>1.0.0</version>
	<description>PLG_JLEGACY_XML_DESCRIPTION</description>
	<namespace path="src">Joomla\Plugin\System\Jlegacy</namespace>
	<files>
		<folder plugin="jlegacy">services</folder>
		<folder>src</folder>
	</files>
	<languages>
		<language tag="en-GB">language/en-GB/plg_system_jlegacy.ini</language>
		<language tag="en-GB">language/en-GB/plg_system_jlegacy.sys.ini</language>
	</languages>
	<config>
		<fields name="params">
			<fieldset name="basic">

			</fieldset>
		</fields>
	</config>
</extension>
